Column name,Description,
SNDB_study_number,"generated for this database, unique identifier for each piece of primary literature used. corresponding bibliographic info is in the “studies” file.",
doi,Digital Object Identifier for the published paper,
title,Title of the published paper,
author,All listed authors for the published paper,
journal,Journal in which the paper was published,
year,Publication year,
,,
,,
,,
,,
,,
,,
,,
,,
,,
,,
,,
,,
,,
,,
,,
,,
,,
,,
,,
,,
,,
,,
,,
,,
,,
,,
,,
,,
,,
,,
,,
,,
,,
,,
,,
,,