"SNDB_study_number","doi","title","author","journal","year"
"1","10.7523/j.issn.2095-6134.2008.5.013","Distribution of amino sugars in forest soil profiles of the Changbai Mountain","Hong-Tu Xie and Wei-Fu Li and Zhen Bai and Hong-Bo He and Xu-Dong Zhang","Journal of University of Chinese Academy of Sciences","2008"
"2","10.3390/f10060468","Conversion of Natural Evergreen Broadleaved Forests Decreases Soil Organic Carbon but Increases the Relative Contribution of Microbial Residue in Subtropical China","Liuming Yang and Silu Chen and Yan Li and Quancheng Wang and Xiaojian Zhong and Zhijie Yang and Chengfang Lin and Yusheng Yang","Forests","2019"
"3","10.3390/app11135788","Divergent Accumulation of Microbial Residues and Amino Sugars in Loess Soil after Six Years of Different Inorganic Nitrogen Enrichment Scenarios","Dominic Kwadwo Anning and Zhilong Li and Huizhen Qiu and Delei Deng and Chunhong Zhang and Philip Ghanney and Qirong Shen","Applied Sciences","2021"
"4","10.3389/fenvs.2022.892039","Microbial Residual Nitrogen Distribution in Brown Earth’s Aggregates as Affected by Different Maize Residues and Soil Fertility Levels","Pingluo Xue and Jiubo Pei and Nan Ma and Jingkuan Wang","Frontiers in Environmental Science","2022"
"5","10.2136/sssaj2013.03.0098","Crop Rotation, Red Clover and Cropping History Influences Microbial Amino Sugars of a Clay Loam Soil","Bin Zhang and Craig F. Drury and Xueming Yang and Dan Reynolds and Xudong Zhang","Soil Science Society of America Journal","2014"
"6","10.2136/sssaj2012.0359","A Mid‐Infrared Spectroscopy Method to Determine the Glucosamine, Galactosamine, and Muramic Acid Concentrations in Soil Hydrolysates","Bin Zhang and Xueming Yang and Craig F. Drury and Xudong Zhang","Soil Science Society of America Journal","2013"
"7","10.2136/sssaj2007.0055","Soil Aggregation and Biochemical Properties following the Application of Fresh and Composted Organic Amendments","M. Bipfubusa and D. A. Angers and A. N’Dayegamiye and H. Antoun","Soil Science Society of America Journal","2008"
"8","10.2136/sssaj2004.1249","Preferential Accumulation of Microbial Carbon in Aggregate Structures of No‐Tillage Soils","Rodney T. Simpson and Serita D. Frey and Johan Six and Rachel K. Thiet","Soil Science Society of America Journal","2004"
"9","10.2136/sssaj1999.6351188x","Bacterial and Fungal Cell‐Wall Residues in Conventional and No‐Tillage Agroecosystems","Georg Guggenberger and Serita D. Frey and Johan Six and Keith Paustian and Edward T. Elliott","Soil Science Society of America Journal","1999"
"10","10.2136/sssaj1999.03615995006300010014x","Amino Sugars in Native Grassland Soils along a Climosequence in North America","W. Amelung and X. Zhang and K. W. Flach and W. Zech","Soil Science Society of America Journal","1999"
"11","10.19336/j.cnki.trtb.2017.02.16","Effects of no-tillage with stalk mulching on distribution of amino sugars in soil aggregate fractions","SF Su and QJ Yu and Liu YJ Liu and RR Xuan and HT Xie and HB He and GM Wang and XD Zhang","Chinese Journal of Soil Science","2017"
"12","10.1371/journal.pone.0066184","Variations in Soil Microbial Communities and Residues Along an Altitude Gradient on the Northern Slope of Changbai Mountain, China","Bin Zhang and Chao Liang and Hongbo He and Xudong Zhang","PLoS ONE","2013"
"13","10.13332/j.1000-1522.20150396","Effects of substrates on dynamics of amino sugars in two different stages of succession in forest soil","Xin-xin Wang and Hong-bo He and Guo-qing Hu and Peng-shuai Shao and Wei Zhang and Hong-tu Xie and Xu-dong Zhang","Journal of Beijing Forestry University","2016"
"14","10.13292/j.1000-4890.201604.020","Effect of nitrogen addition on transformation of amino sugars in forest soil","YH Cui and W Zhang and HB He and HT Xie and XD Zhang","Chinese Journal of Ecology","2016"
"15","10.13287/j.1001-9332.202006.007","Effects of nitrogen and phosphorus addition on soil microbial community and amino sugar in a temperate forest on Changbai Mountain, Northeast China","Jing-Yi Yang and Xu Wang and Li-Fei Sun and Chao Wang and E Bai","Chinese Journal of Applied Ecology","2020"
"16","10.13287/j.1001-9332.201806.020","Effects of N-fixing tree species (Alnus sibirica)on amino sugars in soil aggregates of Larix kaempferi plantation in eastern Liaoning Province, China","Yan Li Jing and Shi Rong Liu and You Yin and Rong Sheng Yao and Shao Qiang Zhang and Ri Xin Mao","Chinese Journal of Applied Ecology","2018"
"17","10.11766/trxb201912210508","Variation of Microbial Residues during Forest Secondary Succession in Topsoil and Subsoil","Pengshuai Shao and Hongtu Xie and Xuelian Bao and Chao Liang","Acta Pedologica Sinica","2021"
"18","10.11766/trxb201101180027","Transformation of urea to amino sugar and its effect on dynamics of soil amino sugar pool","Xiaobo Li","Acta Pedologica Sinica","2011"
"19","10.11766/trxb201012210539","Accumulation of amino sugar carbon affected by tillage in black soil in Northeast China","Xueli Ding and Xudong Zhang and Xueming Yang and Xiaoping Zhang","Acta Pedologica Sinica","2012"
"20","10.11766/trxb200811140423","Effect of glucose and nitrogen supply on dynamics of amino sugars in mollisol","Hongbo He and Xiaobo Li and Wei Zhang and Xueli Ding and Hongtu Xie and Ning Liu and Xudong Zhang and Lijun Li","Acta Pedologica Sinica","2010"
"21","10.1111/sum.12720","Effects of biochar incorporation on soil viable and necromass carbon in the luvisol soil","YuLan Zhang and HongTu Xie and FuPing Wang and Caixia Sun and XuDong Zhang","Soil Use and Management","2021"
"22","10.1111/j.1469-8137.2012.04225.x","Environmental and stoichiometric controls on microbial carbon‐use efficiency in soils","Stefano Manzoni and Philip Taylor and Andreas Richter and Amilcare Porporato and Göran I. Ågren","New Phytologist","2012"
"23","10.1111/j.1365-2486.2011.02500.x","Accumulation of nitrogen and microbial residues during 2000 years of rice paddy and non-paddy soil development in the Yangtze River Delta, China","Philipp J. Roth and Eva Lehndorff and Zhi h. Cao and Shunyao Zhuang and Andrea Bannert and Livia Wissing and Michael Schloter and Ingrid Kögel-Knabner and Wulf Amelung","Global Change Biology","2011"
"24","10.1111/j.1365-2389.2010.01324.x","Differentiating the dynamics of native and newly immobilized amino sugars in soil frequently amended with inorganic nitrogen and glucose","H. B. He and X. B. Li and W. Zhang and X. D. Zhang","European Journal of Soil Science","2010"
"25","10.1111/geb.13159","The vertical distribution and control of microbial necromass carbon in forest soils","Xiangyin Ni and Shu Liao and Siyi Tan and Yan Peng and Dingyi Wang and Kai Yue and Fuzhong Wu and Yusheng Yang","Global Ecology and Biogeography","2020"
"26","10.1111/gcbb.12984","Stover and biochar can improve soil microbial necromass carbon, and enzymatic transformation at the genetic level","Yulan Zhang and CaiXia Sun and ShuQiang Wang and Hongtu Xie and Nan Jiang and Zhenhua Chen and Kai Wei and Xuelian Bao and Xueying Song and Zhen Bai","GCB Bioenergy","2022"
"27","10.1111/gcbb.12520","The impacts of four potential bioenergy crops on soil carbon dynamics as shown by biomarker analyses and
                    <scp>DRIFT</scp>
                    spectroscopy","Xuefeng Zhu and Chao Liang and Michael D. Masters and Ilsa B. Kantola and Evan H. DeLucia","GCB Bioenergy","2018"
"28","10.1111/gcb.16467","Faster accumulation and greater contribution of glomalin to the soil organic carbon pool than amino sugars do under tropical coastal forest restoration","Tengteng Li and Ye Yuan and Zhijian Mou and Yue Li and Luhui Kuang and Jing Zhang and Wenjia Wu and Faming Wang and Jun Wang and Hans Lambers and Jordi Sardans and Josep Peñuelas and Hai Ren and Zhanfeng Liu","Global Change Biology","2022"
"29","10.1111/gcb.16205","Phosphorus addition decreases plant lignin but increases microbial necromass contribution to soil organic carbon in a subalpine forest","Ruyi Luo and Yakov Kuzyakov and Biao Zhu and Wei Qiang and Yan Zhang and Xueyong Pang","Global Change Biology","2022"
"30","10.1111/gcb.15595","Contrasting pathways of carbon sequestration in paddy and upland soils","Xiangbi Chen and Yajun Hu and Yinhang Xia and Shengmeng Zheng and Chong Ma and Yichao Rui and Hongbo He and Daoyou Huang and Zhenhua Zhang and Tida Ge and Jinshui Wu and Georg Guggenberger and Yakov Kuzyakov and Yirong Su","Global Change Biology","2021"
"31","10.1111/gcb.15407","Phosphorus addition decreases microbial residual contribution to soil organic carbon pool in a tropical coastal forest","Ye Yuan and Yue Li and Zhijian Mou and Luhui Kuang and Wenjia Wu and Jing Zhang and Faming Wang and Dafeng Hui and Josep Peñuelas and Jordi Sardans and Hans Lambers and Jun Wang and Yuanwen Kuang and Zhi’an Li and Zhanfeng Liu","Global Change Biology","2020"
"32","10.1111/gcb.15319","The soil microbial carbon pump: From conceptual insights to empirical assessments","Xuefeng Zhu and Randall D. Jackson and Evan H. DeLucia and James M. Tiedje and Chao Liang","Global Change Biology","2020"
"33","10.1111/gcb.12374","Nitrogen deposition promotes the production of new fungal residues but retards the decomposition of old residues in forest soil fractions","Marco Griepentrog and Samuel Bodé and Pascal Boeckx and Frank Hagedorn and Alexander Heim and Michael W. I. Schmidt","Global Change Biology","2013"
"34","10.1111/ejss.13205","Dynamics of microbial residues in highland agroecosystems as affected by cropping systems and fertilisation in a 31‐year‐long experiment","Fuyuan Su and Xu Chen and Liqiong Zhang and Mingde Hao and Xiaorong Wei","European Journal of Soil Science","2021"
"35","10.1111/ejss.13113","Loss of soil carbon and nitrogen rather than variations in soil particle size distribution decreased microbial residues during conversion of grassland to croplands","Shuang Liang and Hao Zhang and Xiaoling Song and Siwen Liu and Xinyao Yun and Yao Wu","European Journal of Soil Science","2021"
"36","10.1097/00010694-200109000-00003","FATE OF MICROBIAL RESIDUES DURING LITTER DECOMPOSITION AS AFFECTED BY MINERALS","W. Amelung and A. Miltner and X. Zhang and W. Zech","Soil Science","2001"
"37","10.1093/forestry/cpl035","Tree species-specific effects on soil microbial residues in an upper Michigan old-growth forest system","C. Liang and R. Fujinuma and L. Wei and T. C. Balser","Forestry","2006"
"38","10.1080/03650340.2018.1486031","Microbial residues were increased by film mulching with manure amendment in a semiarid agroecosystem","Lixia Zhu and Yufang Shen and Shiqing Li","Archives of Agronomy and Soil Science","2018"
"39","10.1080/00032719.2013.796558","Comparison of HPLC Methods for the Determination of Amino Sugars in Soil Hydrolysates","Caroline Indorf and Samuel Bodé and Pascal Boeckx and Jens Dyckmans and Axel Meyer and Klaus Fischer and Rainer Georg Joergensen","Analytical Letters","2013"
"40","10.1073/pnas.2118931119","Persistent soil carbon enhanced in Mollisols by well-managed grasslands but not annual grain or dairy forage cropping systems","Yichao Rui and Randall D. Jackson and M. Francesca Cotrufo and Gregg R. Sanford and Brian J. Spiesman and Leonardo Deiss and Steven W. Culman and Chao Liang and Matthew D. Ruark","Proceedings of the National Academy of Sciences","2022"
"41","10.1071/SR01030","Lignin, carbohydrate, and amino sugar distribution and transformation in the tropical highland soils of northern Thailand under cabbage cultivation, Pinus reforestation, secondary forest, and primary forest","A Moeller and K Kaiser and W Zech","Australian Journal of Soil Research","2002"
"42","10.1046/j.1365-2389.2002.00428.x","Fate of microbial residues in sandy soils of the South African Highveld as influenced by prolonged arable cropping","W. Amelung and I. Lobe and C. C. {Du Preez}","European Journal of Soil Science","2002"
"43","10.1046/j.1365-2389.2001.00406.x","Sources and composition of soil organic matter fractions between and within soil aggregates","J. Six and G. Guggenberger and K. Paustian and L. Haumaier and E. T. Elliott and W. Zech","European Journal of Soil Science","2001"
"44","10.1038/s41598-017-14181-7","Spatial Heterogeneity of SOM Concentrations Associated with White-rot Versus Brown-rot Wood Decay","Zhen Bai and Qiang Ma and Yucheng Dai and Haisheng Yuan and Ji Ye and Wantai Yu","Scientific Reports","2017"
"45","10.1038/s41467-018-05891-1","Divergent accumulation of microbial necromass and plant lignin components in grassland soils","Tian Ma and Shanshan Zhu and Zhiheng Wang and Dima Chen and Guohua Dai and Bowei Feng and Xiangyan Su and Huifeng Hu and Kaihui Li and Wenxuan Han and Chao Liang and Yongfei Bai and Xiaojuan Feng","Nature Communications","2018"
"46","10.1023/A:1010694032121","Seasonal variations in the chemical composition of dissolved organic matter in organic forest floor layer leachates of old-growth Scots pine (Pinus sylvestris L.) and European beech (Fagus sylvatica L.) stands in northeastern Bavaria, Germany","Klaus Kaiser and Georg Guggenberger and Ludwig Haumaier and Wolfgang Zech","Biogeochemistry","2001"
"47","10.1016/j.still.2021.105307","Effect of long-term tillage and cropping system on portion of fungal and bacterial necromass carbon in soil organic carbon","Yan Zhang and Yan Gao and Yang Zhang and Dandan Huang and Xiujun Li and Edward Gregorich and Neil McLaughlin and Xiaoping Zhang and Xuewen Chen and Shixiu Zhang and Aizhen Liang and Yang Xiang","Soil and Tillage Research","2022"
"48","10.1016/j.still.2013.08.011","Effects of long-term and recently imposed tillage on the concentration and composition of amino sugars in a clay loam soil in Ontario, Canada","Bin Zhang and Craig F. Drury and Xueming Yang and W. Daniel Reynolds and Xudong Zhang","Soil and Tillage Research","2014"
"49","10.1016/j.still.2013.02.001","Effects of contrasting agricultural management on microbial residues in a Mollisol in China","Xueli Ding and Xiaozeng Han and Xudong Zhang and Yunfa Qiao","Soil and Tillage Research","2013"
"50","10.1016/j.still.2011.03.008","Effects of tillage and crop rotation on soil microbial residues in a rainfed agroecosystem of northeast China","Xueli Ding and Bin Zhang and Xudong Zhang and Xueming Yang and Xiaoping Zhang","Soil and Tillage Research","2011"
"51","10.1016/j.soilbio.2022.108905","Long-term warming reduces surface soil organic carbon by reducing mineral-associated carbon rather than “free” particulate carbon","Ying Chen and Mengguang Han and Xia Yuan and Huakun Zhou and Xinquan Zhao and Joshua P. Schimel and Biao Zhu","Soil Biology and Biochemistry","2023"
"52","10.1016/j.soilbio.2022.108788","Nitrogen availability and mineral particles contributed fungal necromass to the newly formed stable carbon pool in the alpine areas of Southwest China","Chang Liao and Xiuxian Men and Chi Wang and Rui Chen and Xiaoli Cheng","Soil Biology and Biochemistry","2022"
"53","10.1016/j.soilbio.2022.108693","Soil warming and nitrogen addition facilitates lignin and microbial residues accrual in temperate agroecosystems","Lixiao Ma and Zhaoqiang Ju and Yunying Fang and Tony Vancov and Qiqi Gao and Di Wu and Aiping Zhang and Yanan Wang and Chunsheng Hu and Wenliang Wu and Zhangliu Du","Soil Biology and Biochemistry","2022"
"54","10.1016/j.soilbio.2021.108345","Rice rhizodeposition promotes the build-up of organic carbon in soil via fungal necromass","Yu Luo and Mouliang Xiao and Hongzhao Yuan and Chao Liang and Zhenke Zhu and Jianming Xu and Yakov Kuzyakov and Jinshui Wu and Tida Ge and Caixian Tang","Soil Biology and Biochemistry","2021"
"55","10.1016/j.soilbio.2021.108266","Distinct accumulation of bacterial and fungal residues along a salinity gradient in coastal salt-affected soils","Jiancheng Chen and Hui Wang and Guoqing Hu and Xuhua Li and Yuanjie Dong and Yuping Zhuge and Hongbo He and Xudong Zhang","Soil Biology and Biochemistry","2021"
"56","10.1016/j.soilbio.2021.108213","Aridity and NPP constrain contribution of microbial necromass to soil organic carbon in the Qinghai-Tibet alpine grasslands","Xinying Zhang and Juan Jia and Litong Chen and Haiyan Chu and Jin-Sheng He and Yangjian Zhang and Xiaojuan Feng","Soil Biology and Biochemistry","2021"
"57","10.1016/j.soilbio.2021.108195","Nitrogen availability modulates the impacts of plant invasion on the chemical composition of soil organic matter","Ziliang Zhang and Vidya Suseela","Soil Biology and Biochemistry","2021"
"58","10.1016/j.soilbio.2020.108112","Tradeoffs among microbial life history strategies influence the fate of microbial residues in subtropical forest soils","Pengshuai Shao and Laurel Lynch and Hongtu Xie and Xuelian Bao and Chao Liang","Soil Biology and Biochemistry","2021"
"59","10.1016/j.soilbio.2020.108074","Soil organic carbon becomes newer under warming at a permafrost site on the Tibetan Plateau","Ruiying Chang and Shuguang Liu and Leiyi Chen and Na Li and Haijian Bing and Tao Wang and Xiaopeng Chen and Yang Li and Genxu Wang","Soil Biology and Biochemistry","2021"
"60","10.1016/j.soilbio.2020.108059","Patterns and determinants of soil microbial residues from tropical to boreal forests","Guoping Chen and Suhui Ma and Di Tian and Wen Xiao and Lai Jiang and Aijun Xing and Anlong Zou and Luhong Zhou and Haihua Shen and Chengyang Zheng and Chengjun Ji and Hongbo He and Biao Zhu and Lingli Liu and Jingyun Fang","Soil Biology and Biochemistry","2020"
"61","10.1016/j.soilbio.2020.107967","Differential accumulation of microbial necromass and plant lignin in synthetic versus organic fertilizer-amended soil","Jie Li and Xiaochen Zhang and Jiafa Luo and Stuart Lindsey and Feng Zhou and Hongtu Xie and Yi Li and Ping Zhu and Lichun Wang and Yuanliang Shi and Hongbo He and Xudong Zhang","Soil Biology and Biochemistry","2020"
"62","10.1016/j.soilbio.2020.107927","Waterlogging increases organic carbon decomposition in grassland soils","Bin Jia and Ziqi Niu and Yining Wu and Yakov Kuzyakov and Xiao Gang Li","Soil Biology and Biochemistry","2020"
"63","10.1016/j.soilbio.2020.107899","Winter rye does not increase microbial necromass contributions to soil organic carbon in continuous corn silage in North Central US","Jaimie R. West and Anna M. Cates and Matthew D. Ruark and Leonardo Deiss and Thea Whitman and Yichao Rui","Soil Biology and Biochemistry","2020"
"64","10.1016/j.soilbio.2020.107867","Management practices differently affect particulate and mineral-associated organic matter and their precursors in arable soils","Marie-Elise Samson and Martin H. Chantigny and Anne Vanasse and Safya Menasseri-Aubry and Isabelle Royer and Denis A. Angers","Soil Biology and Biochemistry","2020"
"65","10.1016/j.soilbio.2020.107764","Nutrient addition reduces carbon sequestration in a Tibetan grassland soil: Disentangling microbial and physical controls","Ruyi Luo and Yakov Kuzyakov and Deyan Liu and Jianling Fan and Jiafa Luo and Stuart Lindsey and Jin-Sheng He and Weixin Ding","Soil Biology and Biochemistry","2020"
"66","10.1016/j.soilbio.2019.05.017","Physical, biochemical, and microbial controls on amino sugar accumulation in soils under long-term cover cropping and no-tillage farming","Lidong Li and Candace B. Wilson and Hongbo He and Xudong Zhang and Feng Zhou and Sean M. Schaeffer","Soil Biology and Biochemistry","2019"
"67","10.1016/j.soilbio.2019.04.004","Warming increases microbial residue contribution to soil organic carbon in an alpine meadow","Xueli Ding and Shengyun Chen and Bin Zhang and Chao Liang and Hongbo He and William R. Horwath","Soil Biology and Biochemistry","2019"
"68","10.1016/j.soilbio.2019.03.018","Manure over crop residues increases soil organic matter but decreases microbial necromass relative contribution in upland Ultisols: Results of a 27-year field experiment","Guiping Ye and Yongxin Lin and Yakov Kuzyakov and Deyan Liu and Jiafa Luo and Stuart Lindsey and Weijin Wang and Jianbo Fan and Weixin Ding","Soil Biology and Biochemistry","2019"
"69","10.1016/j.soilbio.2019.01.012","Reforestation accelerates soil organic carbon accumulation: Evidence from microbial biomarkers","Pengshuai Shao and Chao Liang and Laurel Lynch and Hongtu Xie and Xuelian Bao","Soil Biology and Biochemistry","2019"
"70","10.1016/j.soilbio.2018.05.028","High soil microbial activity in the winter season enhances nitrogen cycling in a cool-temperate deciduous forest","Kazuo Isobe and Hiroaki Oka and Tsunehiro Watanabe and Ryunosuke Tateno and Rieko Urakawa and Chao Liang and Keishi Senoo and Hideaki Shibata","Soil Biology and Biochemistry","2018"
"71","10.1016/j.soilbio.2018.04.023","Conversion of Tibetan grasslands to croplands decreases accumulation of microbially synthesized compounds in soil","Zhen-Huan Guan and Xiao Gang Li and Lin Wang and Xiao Ming Mou and Yakov Kuzyakov","Soil Biology and Biochemistry","2018"
"72","10.1016/j.soilbio.2017.07.007","Linkage of microbial residue dynamics with soil organic carbon accumulation during subtropical forest succession","Shuai Shao and Yu Zhao and Wei Zhang and Guoqing Hu and Hongtu Xie and Junhua Yan and Shijie Han and Hongbo He and Xudong Zhang","Soil Biology and Biochemistry","2017"
"73","10.1016/j.soilbio.2016.12.020","Parent material and conifer biome influence microbial residue accumulation in forest soils","Xueli Ding and Bin Zhang and Xinxin Lü and Jingkuan Wang and William R. Horwath","Soil Biology and Biochemistry","2017"
"74","10.1016/j.soilbio.2016.10.016","Repeated application of organic waste affects soil organic matter composition: Evidence from thermal analysis, FTIR-PAS, amino sugars and lignin biomarkers","Clément Peltre and Edward G. Gregorich and Sander Bruun and Lars S. Jensen and Jakob Magid","Soil Biology and Biochemistry","2017"
"75","10.1016/j.soilbio.2016.03.019","High nitrogen deposition decreases the contribution of fungal residues to soil carbon pools in a tropical forest ecosystem","Wei Zhang and Yanhe Cui and Xiankai Lu and Edith Bai and Hongbo He and Hongtu Xie and Chao Liang and Xudong Zhang","Soil Biology and Biochemistry","2016"
"76","10.1016/j.soilbio.2015.09.011","Microorganisms and their substrate utilization patterns in topsoil and subsoil layers of two silt loams, differing in soil organic C accumulation due to colluvial processes","Juliane Struecker and Rainer Georg Joergensen","Soil Biology and Biochemistry","2015"
"77","10.1016/j.soilbio.2015.02.015","Higher rates of manure application lead to greater accumulation of both fungal and bacterial residues in macroaggregates of a clay soil","Xueli Ding and Chao Liang and Bin Zhang and Yaru Yuan and Xiaozeng Han","Soil Biology and Biochemistry","2015"
"78","10.1016/j.soilbio.2014.07.010","Winter–spring transition induces changes in nutrients and microbial biomass in mid-alpine forest soils","Michele Freppaz and Daniel Said-Pullicino and Gianluca Filippa and Fabienne Curtaz and Luisella Celi and Ermanno Zanini","Soil Biology and Biochemistry","2014"
"79","10.1016/j.soilbio.2012.09.006","Soil microbial residue storage linked to soil legacy under biofuel cropping systems in southern Wisconsin, USA","Chao Liang and David S. Duncan and Teri C. Balser and James M. Tiedje and Randall D. Jackson","Soil Biology and Biochemistry","2013"
"80","10.1016/j.soilbio.2012.08.006","Kinetics of amino sugar formation from organic residues of different quality","Zhen Bai and Samuel Bodé and Dries Huygens and Xudong Zhang and Pascal Boeckx","Soil Biology and Biochemistry","2013"
"81","10.1016/j.soilbio.2012.03.024","Co-accumulation of microbial residues and particulate organic matter in the surface layer of a no-till Oxisol under different crops","Márcio R. Martins and Denis A. Angers and José E. Corá","Soil Biology and Biochemistry","2012"
"82","10.1016/j.soilbio.2011.06.012","Plant-N incorporation into microbial amino sugars as affected by inorganic N addition: A microcosm study of 15N-labeled maize residue decomposition","Xueli Ding and Hongbo He and Bin Zhang and Xudong Zhang","Soil Biology and Biochemistry","2011"
"83","10.1016/j.soilbio.2011.02.002","Temporal responses of soil microorganisms to substrate addition as indicated by amino sugar differentiation","Hongbo He and Wei Zhang and Xudong Zhang and Hongtu Xie and Jie Zhuang","Soil Biology and Biochemistry","2011"
"84","10.1016/j.soilbio.2009.09.023","Abundance, production and stabilization of microbial biomass under conventional and reduced tillage","Kees-Jan {van Groenigen} and Jaap Bloem and Erland Bååth and Pascal Boeckx and Johannes Rousk and Samuel Bodé and Dermot Forristal and Michael B. Jones","Soil Biology and Biochemistry","2010"
"85","10.1016/j.soilbio.2008.01.022","Comparing PLFA and amino sugars for microbial analysis in an Upper Michigan old growth forest","Chao Liang and Ryosuke Fujinuma and Teri C. Balser","Soil Biology and Biochemistry","2008"
"86","10.1016/j.soilbio.2007.03.020","Shifts in amino sugar and ergosterol contents after addition of sucrose and cellulose to soil","Brigitte Engelking and Heiner Flessa and Rainer Georg Joergensen","Soil Biology and Biochemistry","2007"
"87","10.1016/j.soilbio.2007.03.009","Elevated CO2 does not favor a fungal decomposition pathway","Kees-Jan {Van Groenigen} and Johan Six and David Harris and Chris {Van Kessel}","Soil Biology and Biochemistry","2007"
"88","10.1016/j.soilbio.2006.12.033","Reaction of microorganisms to rewetting in continuous cereal and legume rotation soils of semi-arid Sub-Saharan Africa","Beate Formowitz and Mary-Catherine Schulz and Andreas Buerkert and Rainer Georg Joergensen","Soil Biology and Biochemistry","2007"
"89","10.1016/j.soilbio.2006.04.039","Carbohydrate dynamics in particle-size fractions of sandy spodosols following forest conversion to maize cropping","C JOLIVET and D ANGERS and M CHANTIGNY and F ANDREUX and D ARROUAYS","Soil Biology and Biochemistry","2006"
"90","10.1016/j.soilbio.2006.03.011","Relationships between microbial indices in roots and silt loam soils forming a gradient in soil organic matter","A APPUHN and E SCHELLER and R JOERGENSEN","Soil Biology and Biochemistry","2006"
"91","10.1016/j.soilbio.2005.09.002","Microbial colonisation of roots as a function of plant species","A APPUHN and R JOERGENSEN","Soil Biology and Biochemistry","2006"
"92","10.1016/j.soilbio.2003.10.013","Amino sugars and muramic acid—biomarkers for soil microbial community structure analysis","Bruno Glaser and Marı́a-Belén Turrión and Kassem Alef","Soil Biology and Biochemistry","2004"
"93","10.1016/j.sjbs.2019.07.004","The impact of cover crop shoot decomposition on soil microorganisms in an apple orchard in northeast China","Tongyu Zhou and Kuibao Jiao and Sijun Qin and Deguo Lyu","Saudi Journal of Biological Sciences","2019"
"94","10.1016/j.scitotenv.2023.162566","Microbial necromass carbon in estuarine tidal wetlands of China: Influencing factors and environmental implication","Jine Wei and Fenfen Zhang and Dongliang Ma and Jing Zhang and Yanling Zheng and Hongpo Dong and Xia Liang and Guoyu Yin and Ping Han and Min Liu and Lijun Hou","Science of The Total Environment","2023"
"95","10.1016/j.scitotenv.2020.143945","Contribution of soil microbial necromass to SOC stocks during vegetation recovery in a subtropical karst ecosystem","Zhiming Guo and Xinyu Zhang and Jennifer A.J. Dungait and Sophie M. Green and Xuefa Wen and Timothy A. Quine","Science of The Total Environment","2021"
"96","10.1016/j.scitotenv.2020.141318","Dynamics of microbial residues control the responses of mineral-associated soil organic carbon to N addition in two temperate forests","Jungang Chen and Chengjun Ji and Jingyun Fang and Hongbo He and Biao Zhu","Science of The Total Environment","2020"
"97","10.1016/j.scitotenv.2020.141003","Impact of manure on soil biochemical properties: A global synthesis","Shibin Liu and Jinyang Wang and Shengyan Pu and Evgenia Blagodatskaya and Yakov Kuzyakov and Bahar S. Razavi","Science of The Total Environment","2020"
"98","10.1016/j.scitotenv.2018.07.055","Responses of microbial residues to simulated climate change in a semiarid grassland","Pengshuai Shao and Hongbo He and Xudong Zhang and Hongtu Xie and Xuelian Bao and Chao Liang","Science of The Total Environment","2018"
"99","10.1016/j.scitotenv.2017.01.005","Effects of plant-symbiotic relationships on the living soil microbial community and microbial necromass in a long-term agro-ecosystem","J. Schmidt and T. Fester and E. Schulz and B. Michalzik and F. Buscot and J. Gutknecht","Science of The Total Environment","2017"
"100","10.1016/j.orggeochem.2015.03.007","Amino sugars reflect microbial residues as affected by clay mineral composition of artificial soils","Geertje J. Pronk and Katja Heister and Ingrid Kögel-Knabner","Organic Geochemistry","2015"
"101","10.1016/j.geoderma.2020.114922","Microbial necromass formation, enzyme activities and community structure in two alpine elevation gradients with different bedrock types","Parag Bhople and Katharina Keiblinger and Ika Djukic and Dong Liu and Franz Zehetner and Sophie Zechmeister-Boltenstern and Rainer {Georg Joergensen} and Rajasekaran Murugan","Geoderma","2021"
"102","10.1016/j.geoderma.2020.114470","N addition increased microbial residual carbon by altering soil P availability and microbial composition in a subtropical Castanopsis forest","Yuexin Fan and Liuming Yang and Xiaojian Zhong and Zhijie Yang and Yanyu Lin and Jianfen Guo and Guangshui Chen and Yusheng Yang","Geoderma","2020"
"103","10.1016/j.geoderma.2019.114159","Carbon accumulation and aggregation are mediated by fungi in a subtropical soil under conservation agriculture","M.G. Veloso and D.A. Angers and M.H. Chantigny and C. Bayer","Geoderma","2020"
"104","10.1016/j.geoderma.2019.114034","Effects of seven-year nitrogen and phosphorus additions on soil microbial community structures and residues in a tropical forest in Hainan Island, China","Suhui Ma and Guoping Chen and Di Tian and Enzai Du and Wen Xiao and Lai Jiang and Zhang Zhou and Jiangling Zhu and Hongbo He and Biao Zhu and Jingyun Fang","Geoderma","2020"
"105","10.1016/j.geoderma.2019.07.028","Variation of microbial residue contribution to soil organic carbon sequestration following land use change in a subtropical karst region","Yong Huang and Chao Liang and Xingwu Duan and Hao Chen and Dejun Li","Geoderma","2019"
"106","10.1016/j.geoderma.2018.12.018","Spatial distribution of microbial biomass and residues across soil aggregate fractions at different elevations in the Central Austrian Alps","Rajasekaran Murugan and Ika Djukic and Katharina Keiblinger and Franz Zehetner and Michael Bierbaumer and Sophie Zechmeister-Bolternstern and Rainer Georg Joergernsen","Geoderma","2019"
"107","10.1016/j.geoderma.2018.07.017","Dynamic contribution of microbial residues to soil organic matter accumulation influenced by maize straw mulching","Xiao Liu and Feng Zhou and Guoqing Hu and Shuai Shao and Hongbo He and Wei Zhang and Xudong Zhang and Lijun Li","Geoderma","2019"
"108","10.1016/j.geoderma.2016.02.019","Microbial biomass, fungal and bacterial residues, and their relationships to the soil organic matter C/N/P/S ratios","Khalid Saifullah Khan and Ralf Mack and Xiomara Castillo and Michael Kaiser and Rainer Georg Joergensen","Geoderma","2016"
"109","10.1016/j.geoderma.2014.03.005","Microbial residue indices down the soil profile after long-term addition of farmyard manure and mineral fertilizer to a sandy soil","André Sradnick and Meike Oltmanns and Joachim Raupp and Rainer Georg Joergensen","Geoderma","2014"
"110","10.1016/j.geoderma.2006.08.001","Impact of salinity on soil microbial communities and the decomposition of maize in acidic soils","Jannike Wichern and Florian Wichern and Rainer Georg Joergensen","Geoderma","2006"
"111","10.1016/j.foreco.2004.03.018","Chronic nitrogen enrichment affects the structure and function of the soil microbial community in temperate hardwood and pine forests","Serita D Frey and Melissa Knorr and Jeri L Parrent and Rodney T Simpson","Forest Ecology and Management","2004"
"112","10.1016/j.envres.2022.114981","How nutrient loads influence microbial-derived carbon accumulation in wetlands: A new insight from microbial metabolic investment strategies","Feng Yu and Wenlong Zhang and Xing Hou and Yi Li and Jiaxin Tong","Environmental Research","2023"
"113","10.1016/j.ejsobi.2021.103376","Non-additive effects of nitrogen and phosphorus fertilization on microbial biomass and residue distribution in a subtropical plantation","Yanli Jing and Xueli Ding and Xuechao Zhao and Peng Tian and Fuming Xiao and Qingkui Wang","European Journal of Soil Biology","2022"
"114","10.1016/j.ejsobi.2021.103364","Effects of salinity on microbial utilization of straw carbon and microbial residues retention in newly reclaimed coastal soil","Dezhi Yan and Xi-En Long and Linlin Ye and Gang Zhang and Anyong Hu and Dejian Wang and Sheng Ding","European Journal of Soil Biology","2021"
"115","10.1016/j.ejsobi.2021.103291","Aggregate-related changes in living microbial biomass and microbial necromass associated with different fertilization patterns of greenhouse vegetable soils","Haoan Luan and Shuo Yuan and Wei Gao and Jiwei Tang and Ruonan Li and Huaizhi Zhang and Shaowen Huang","European Journal of Soil Biology","2021"
"116","10.1016/j.ejsobi.2020.103216","Land use and mineral fertilization influence soil microbial biomass and residues: A case study of a Chinese Mollisol","Xu Chen and Xiaozeng Han and Jun Yan and Xinchun Lu and Xiangxiang Hao and Wei Wang and Asim Biswas and Xia Zhu-Barker and Wenxiu Zou","European Journal of Soil Biology","2020"
"117","10.1016/j.ejsobi.2015.02.002","Fungi contribute more than bacteria to soil organic matter through necromass accumulation under different agricultural practices during the early pedogenesis of a Mollisol","Na Li and Yu-Zhi Xu and Xiao-Zeng Han and Hong-Bo He and Xu-dong Zhang and Bin Zhang","European Journal of Soil Biology","2015"
"118","10.1016/j.ecolind.2022.109488","Alder expansion increases soil microbial necromass carbon in a permafrost peatland of Northeast China","Guang-Jiao Chen and Fu-Xi Shi and Qin Ying and Rong Mao","Ecological Indicators","2022"
"119","10.1016/j.catena.2022.106859","Plant invasion reshapes the latitudinal pattern of soil microbial necromass and its contribution to soil organic carbon in coastal wetlands","Guangliang Zhang and Junhong Bai and Wei Wang and Jia Jia and Laibin Huang and Fanlong Kong and Min Xi","CATENA","2023"
"120","10.1016/j.catena.2022.106513","Climate warming weakens the negative effect of nitrogen addition on the microbial contribution to soil carbon pool in an alpine meadow","Guang Zhao and Yangjian Zhang and Nan Cong and Zhoutao Zheng and Bo Zhao and Juntao Zhu and Ning Chen and Yao Chen","CATENA","2022"
"121","10.1016/j.catena.2021.105999","The microbial-driven C dynamics within soil aggregates in walnut orchards of different ages based on microbial biomarkers analysis","Haoan Luan and Xuemei Zhang and Yingru Liu and Shaohui Huang and Jie Chen and Tengfei Guo and Yang Liu and Suping Guo and Guohui Qi","CATENA","2022"
"122","10.1016/j.apsoil.2022.104648","Effects of nitrogen fertilizer on soil microbial residues and their contribution to soil organic carbon and total nitrogen in a rice-wheat system","Quanyi Hu and Tianqi Liu and Huina Ding and Chengfang Li and Wenfeng Tan and Ming Yu and Juan Liu and Cougui Cao","Applied Soil Ecology","2023"
"123","10.1016/j.apsoil.2022.104588","Tradeoffs of fungal and bacterial residues mediate soil carbon dynamics under persistent drought in subtropical evergreen forests","Xinxin Wang and Lingyan Zhou and Guiyao Zhou and Huimin Zhou and Chunyan Lu and Zhizhuang Gu and Ruiqiang Liu and Yanghui He and Zhenggang Du and Xiaona Liang and Hongbo He and Xuhui Zhou","Applied Soil Ecology","2022"
"124","10.1016/j.apsoil.2021.104316","Six-year warming decreased amino sugar accumulation in the deep rhizosphere soil of permafrost peatland","Hao Zhang and Yuedong Guo and Changchun Song and Yanyu Song and Xianwei Wang and Li Sun and Chao Gong","Applied Soil Ecology","2022"
"125","10.1016/j.apsoil.2019.05.020","Interactive effects of soil warming, throughfall reduction, and root exclusion on soil microbial community and residues in warm-temperate oak forests","Yanli Jing and Yi Wang and Shirong Liu and Xudong Zhang and Qingkui Wang and Kuan Liu and You Yin and Jifeng Deng","Applied Soil Ecology","2019"
"126","10.1016/j.apsoil.2017.10.018","Fungal plant pathogens on inoculated maize leaves in a simulated soil warming experiment","Stefan Lukas and Sayed Jaffar Abbas and Philip Kössler and Petr Karlovsky and Martin Potthoff and Rainer Georg Joergensen","Applied Soil Ecology","2018"
"127","10.1016/j.apsoil.2016.07.014","Soil microbial community and microbial residues respond positively to minimum tillage under organic farming in Southern Germany","Hanyin Sun and Philipp Koal and Dong Liu and Georg Gerl and Reiner Schroll and Andreas Gattinger and Rainer Georg Joergensen and Jean Charles Munch","Applied Soil Ecology","2016"
"128","10.1016/S1002-0160(17)60335-7","Specific Responses of Soil Microbial Residue Carbon to Long-Term Mineral Fertilizer Applications to Reddish Paddy Soils","Xinyu Zhang and  Juan Xie and Fengting Yang and Wenyi Dong and Xiaoqin Dai and Yang  Yang and Xiaomin Sun","Pedosphere","2018"
"129","10.1016/S0929-1393(98)00136-X","Land-use effects on amino sugars in particle size fractions of an Argiudoll","X Zhang and W Amelung and Y Yuan and S Samson-Liebig and L Brown and W Zech","Applied Soil Ecology","1999"
"130","10.1016/0038-0717(96)00117-4","Gas chromatographic determination of muramic acid, glucosamine, mannosamine, and galactosamine in soils","Xudong Zhang and Wulf Amelung","Soil Biology and Biochemistry","1996"
"131","10.1007/s42832-021-0118-y","Microbial residues as the nexus transforming inorganic carbon to organic carbon in coastal saline soils","Pengshuai Shao and Tian Li and Kaikai Dong and Hongjun Yang and Jingkuan Sun","Soil Ecology Letters","2021"
"132","10.1007/s42832-020-0031-9","Influences of sample storage and grinding on the extraction of soil amino sugars","Zhijian Mou and Luhui Kuang and Biyue Yan and Xinyu Zhang and Yunqiang Wang and Zhanfeng Liu","Soil Ecology Letters","2020"
"133","10.1007/s11676-017-0522-4","Accumulation of residual soil microbial carbon in Chinese fir plantation soils after nitrogen and phosphorus additions","Zhiqiang Ma and Xinyu Zhang and Chuang Zhang and Huimin Wang and Fusheng Chen and Xiaoli Fu and Xiangmin Fang and Xiaomin Sun and Qiuliang Lei","Journal of Forestry Research","2017"
"134","10.1007/s11368-009-0132-7","Dynamics of soil amino sugar pools during decomposition processes of corn residues as affected by inorganic N addition","Xueli Ding and Xudong Zhang and Hongbo He and Hongtu Xie","Journal of Soils and Sediments","2009"
"135","10.1007/s11356-019-05353-1","Dynamic of inorganic nitrogen and amino sugar to glucosamine addition in forest soils","Hongliang Ma and Ren Gao and Yunfeng Yin and Raza Taqi and Liuming Yang","Environmental Science and Pollution Research","2019"
"136","10.1007/s11104-021-05292-2","Microbial response of distinct soil types to land-use intensification at a South-Indian rural-urban interface","Virna Estefania Moran-Rodas and Suvarna V. Chavannavar and Rainer Georg Joergensen and Christine Wachendorf","Plant and Soil","2022"
"137","10.1007/s11104-012-1489-8","Lignin properties in topsoils of a beech/oak forest after 8 years of manipulated litter fall: relevance of altered input and oxidation of lignin","Thimo Klotzbücher and Stefan Strohmeier and Klaus Kaiser and Richard D. Bowden and Kate Lajtha and Heike Ohm and Karsten Kalbitz","Plant and Soil","2012"
"138","10.1007/s10533-013-9871-z","Nitrogen input quality changes the biochemical composition of soil organic matter stabilized in the fine fraction: a long-term study","A. W. Gillespie and A. Diochon and B. L. Ma and M. J. Morrison and L. Kellman and F. L. Walley and T. Z. Regier and D. Chevrier and J. J. Dynes and E. G. Gregorich","Biogeochemistry","2013"
"139","10.1007/s10533-008-9264-x","Vertical distribution and pools of microbial residues in tropical forest soils formed from distinct parent materials","Lindsey K. Moritz and Chao Liang and Rota Wagai and Kanehiro Kitayama and Teri C. Balser","Biogeochemistry","2008"
"140","10.1007/s10457-016-0009-x","Microbial communities and residues in robinia- and poplar-based alley-cropping systems under organic and integrated management","Hanyin Sun and Philipp Koal and Georg Gerl and Reiner Schroll and Andreas Gattinger and Rainer Georg Joergensen and Jean Charles Munch","Agroforestry Systems","2016"
"141","10.1007/s003740000287","Land use effects on amino sugar signature of chromic Luvisol in the semi-arid part of northern Tanzania","D. Solomon and J. Lehmann and W. Zech","Biology and Fertility of Soils","2001"
"142","10.1007/s003740000268","Structure and function of the soil microbial community in microhabitats of a heavy metal polluted soil","E. Kandeler and D. Tscherko and K. D. Bruce and M. Stemmer and P. J. Hobbs and R. D. Bardgett and W. Amelung","Biology and Fertility of Soils","2000"
"143","10.1007/s00374-022-01666-5","Crop root vs. shoot incorporation drives microbial residue carbon accumulation in soil aggregate fractions","Yingde Xu and Xiaodan Gao and Jiubo Pei and Liangjie Sun and Jingkuan Wang","Biology and Fertility of Soils","2022"
"144","10.1007/s00374-021-01557-1","Long-term elevated CO2 and warming enhance microbial necromass carbon accumulation in a paddy soil","Zhiwei Liu and Xiuxia Liu and Xiulan Wu and Rongjun Bian and Xiaoyu Liu and Jufeng Zheng and Xuhui Zhang and Kun Cheng and Lianqing Li and Genxing Pan","Biology and Fertility of Soils","2021"
"145","10.1007/s00374-020-01474-9","Warming yields distinct accumulation patterns of microbial residues in dry and wet alpine grasslands on the Qinghai-Tibetan Plateau","Xueli Ding and Shengyun Chen and Bin Zhang and Hongbo He and Timothy R. Filley and William R. Horwath","Biology and Fertility of Soils","2020"
"146","10.1007/s00374-019-01390-7","Contrasting contribution of fungal and bacterial residues to organic carbon accumulation in paddy soils across eastern China","Yinhang Xia and Xiangbi Chen and Yajun Hu and Shengmeng Zheng and Zhao Ning and Georg Guggenberger and Hongbo He and Jinshui Wu and Yirong Su","Biology and Fertility of Soils","2019"
"147","10.1007/s00374-019-01341-2","Changes of microbial residues after wetland cultivation and restoration","Xueli Ding and Bin Zhang and Timothy R. Filley and Chunjie Tian and Xudong Zhang and Hongbo He","Biology and Fertility of Soils","2019"
"148","10.1007/s00374-018-1278-5","Effect of nitrogen fertilization on the fate of rice residue-C in paddy soil depending on depth: 13C amino sugar analysis","Xiangbi Chen and Yinhang Xia and Yajun Hu and Anna Gunina and Tida Ge and Zhenhua Zhang and Jinshui Wu and Yirong Su","Biology and Fertility of Soils","2018"
"149","10.1007/s00374-017-1179-z","Long-term changes in land use impact the accumulation of microbial residues in the particle-size fractions of a Mollisol","Xueli Ding and Yunfa Qiao and Timothy Filley and Haiying Wang and Xinxin Lü and Bin Zhang and Jingkuan Wang","Biology and Fertility of Soils","2017"
"150","10.1007/s00374-013-0871-x","Long-term influence of different tillage intensities on soil microbial biomass, residues and community structure at different depths","Rajasekaran Murugan and Heinz-Josef Koch and Rainer Georg Joergensen","Biology and Fertility of Soils","2013"
"151","10.1007/s00374-013-0867-6","Effects of long-term fertilization on contents and distribution of microbial residues within aggregate structures of a clay soil","Xueli Ding and Xiaozeng Han","Biology and Fertility of Soils","2013"
"152","10.1007/s00374-013-0837-z","Impact of activated charcoal and tannin amendments on microbial biomass and residues in an irrigated sandy soil under arid subtropical conditions","André Sradnick and Mariko Ingold and Johanna Marold and Rajasekaran Murugan and Andreas Buerkert and Rainer Georg Joergensen","Biology and Fertility of Soils","2013"
"153","10.1007/s00374-012-0768-0","Long-term impacts of manure, straw, and fertilizer on amino sugars in a silty clay loam soil under temperate conditions","Xueli Ding and Xiaozeng Han and Xudong Zhang","Biology and Fertility of Soils","2013"
"154","10.1007/s00374-012-0736-8","Continuous manuring combined with chemical fertilizer affects soil microbial residues in a Mollisol","Xueli Ding and Xiaozeng Han and Xudong Zhang and Yunfa Qiao and Yao Liang","Biology and Fertility of Soils","2012"
"155","10.1007/s00374-011-0545-5","Optimisation of amino sugar quantification by HPLC in soil and plant hydrolysates","Caroline Indorf and Jens Dyckmans and Khalid S. Khan and Rainer Georg Joergensen","Biology and Fertility of Soils","2011"
"156","10.1007/s00374-009-0433-4","Long-term effects of organic farming on fungal and bacterial residues in relation to microbial energy metabolism","Rainer Georg Joergensen and Paul Mäder and Andreas Fließbach","Biology and Fertility of Soils","2010"
"157","10.1007/s00374-007-0266-y","Decomposition of maize residues after manipulation of colonization and its contribution to the soil microbial biomass","Martin Potthoff and Jens Dyckmans and Heinz Flessa and Friedrich Beese and Rainer Georg Joergensen","Biology and Fertility of Soils","2008"
"158","10.1007/s00374-007-0170-5","Net microbial amino sugar accumulation process in soil as influenced by different plant material inputs","Chao Liang and Xudong Zhang and Teri C. Balser","Biology and Fertility of Soils","2007"
"159","10.1007/s00374-006-0142-1","Effect of plant materials on microbial transformation of amino sugars in three soil microcosms","Chao Liang and Xudong Zhang and Kennedy F. Rubert and Teri C. Balser","Biology and Fertility of Soils","2006"
"160","10.1007/s00374-001-0440-6","Effects of deforestation on contents and distribution of amino sugars within particle-size fractions of mountain soils","María-Belén Turrión and Bruno Glaser and Wolfgang Zech","Biology and Fertility of Soils","2002"
"161","10.1002/rcm.6586","Stable isotope probing of amino sugars – a promising tool to assess microbial interactions in soils","Samuel Bodé and Rubeca Fancy and Pascal Boeckx","Rapid Communications in Mass Spectrometry","2013"
"162","10.1002/rcm.4093","Development and evaluation of a high‐performance liquid chromatography/isotope ratio mass spectrometry methodology for
                    <i>δ</i>
                    <sup>13</sup>
                    C analyses of amino sugars in soil","Samuel Bodé and Karolien Denef and Pascal Boeckx","Rapid Communications in Mass Spectrometry","2009"
"163","10.1002/jpln.200700272","Decomposition of wheat straw differing in nitrogen content in soils under conventional and organic farming management","Edwin Scheller and † {Rainer Georg Joergensen}","Journal of Plant Nutrition and Soil Science","2008"
"164","10.1002/jpln.200321302","The automated determination of glucosamine, galactosamine, muramic acid, and mannosamine in soil and root hydrolysates by HPLC","Astrid Appuhn and Rainer Georg Joergensen and Markus Raubuch and Edwin Scheller and Brigitte Wilke","Journal of Plant Nutrition and Soil Science","2004"
"165","10.1002/jpln.19971600503","Amino sugars in soils of the North American cultivated prairie","Xudong Zhang and Wulf Amelung and Ying Yuan and Wolfgang Zech","Zeitschrift für Pflanzenernährung und Bodenkunde","1997"
"166",,"Effects of different mangement practices on soil carbon and nitrogen and related microbial processes in rain-fed farmlands","L Zhu","Northwest Agriculture and Forestry University","2018"
"167",,"Accumulation of amino sugars in brown earth under long-term mulching and fertilization","B Zhao","Shenyang Agricultural University","2019"
"168",,"Dynamic changes of soil amino sugars contents under drying and wetting cycle","Wei Zhang and Yong-Jiao Han and Hong-Bo He and Hong-Tu Xie and Xu-Dong Zhang","Chinese Journal of Applied Ecology","2012"
"169",,"Amino sugars mineralization and its responses to exogenous substances in black soil of Northeast China","Wei Zhang and Hong-bo He and Hong-tu Xie and Zhen Bai and Xu-dong Zhang","Chinese Journal of Applied Ecology","2010"
"170",,"Microbial community structure in forest soils at different Dinghu Mountain and its association with carbon accumulation process","N Yu","Shenyang Ligong University","2013"
"171",,"Effect of Different Regeneration M ethods on Soil Microbial Residue Carbon and Lignin in subtropical Forests","Q Wang","Fujian Normal University","2020"
"172",,"Wang et al. 2021 (In prepare)","Wang",,
"173",,"Effects of N fertilizer combined with straws at different rates on amino sugars in paddy soil","L Tang","Shenyang Agricultural University","2017"
"174",,"Effects of no tillage with stalk mulching on distribution of amino sugars in soil aggregate fractions","Shu-fang Su and Qing-jun Yu and Ya-jun Liu and Ran-ran Xuan and Hong-tu Xie and Hong-bo He and Gui-man Wang and Xu-dong Zhang","Chinese Journal of Soil Science","2017"
"175",,"Distribution and transformation mechanisms of maize straw derived nitrogen in an arable soil","N Ma","Jilin Normal University","2019"
"176",,"Dynamics of amino sugar N in different 959 growth stages of maize with different fertilization management","Lv",,"2018"
"177",,"Effects of warming and nitrogen deposition on soil amino sugar and lignin of Cunninghamia lanceolata in mid-subtropical","Y Li","Fujian Normal University","2019"
"178",,"The impact of maize residues addition on distribution of amino sugars in soils","Li","Chinese Journal of Soil Science","2014"
"179",,"Effects of extraneous inorganic nitrogen forms on the dynamics of soil amino sugars","Xiang Li and Hong-Bo He and Wei Zhang and Hui-Jie Lu and Xu-Dong Zhang and Li-Chen Zheng and Fu-Lin Tian and Hong Li",,"2012"
"180","10.11766/trxb201710310503","Accumulation characteristics of amino sugars in salinized soils of different types in the Yellow River Delta.","Guoqing Hu and Xiao Liu and Hongbo He and Weifeng Chen and Yuping Zhuge and Yuanjie Dong and Hui Wang","Acta Pedologica Sinica","2018"
"181",,"The influence of drying wetting cycles on amino sugars in brown soil","YJ Han and W Zhang and HB He","Chinese Journal of Soil Science","2012"
"182",,"Accumulation of amino sugars affected by different stalk mulching quanity in no-tillage system","Zhi Dong and Hong-tu Xie and Li-jun Zhang and Zhen Bai and Ye-ye Wu and Xiao-xia Zhao and Xu-dong Zhang","Chinese Journal of Soil Science","2013"
"183",,"Ding et al. 2020b","Ding",,"2020"
"184","10.11766/trxb201003220099","Effects of inorganic nitrogen application rate on content of amino sugars in alfisol during microbial decomposition of corn stalks","Xueli Ding and Xudong Zhang","Acta Pedologica Sinica","2011"
"185",,"Effects of nitrogen supply level on microbial transformation of amino sugar in a mollisol amended with maize straw","Xue-li Ding and Hong-bo He and Zhen Bai and Hong-tu Xie and Bin Zhang and Xu-dong Zhang","Chinese Journal of Applied Ecology","2009"
"186","10.13287/j.1001-9332.201901.033","Characteristics of amino sugar accumulation in rhizosphere and non-rhizosphere soil of rice under different fertilization treatments","Zhao Ning and Xiang Bi Chen and Hai Ming Tang and Ti da Ge and Hong Bo He and Jian Liang Hu and Yi Rong Su and Yang Wu Deng","Chinese Journal of Applied Ecology","2019"
"187","10.3390/agronomy16101010","Differential Response of Microbial Necromass Carbon in Rhizospheric and Non-Rhizospheric Soil to Mulching Measures and How It Drives C Sequestration Mechanism on Loess Plateau","Jiaqi Hao and Yufei Gao and Ni Chen and Xing Wang","Agronomy","2026"
"188","10.1111/nph.70768","Long‐term fate of photosynthetic carbon in desert plants: microbial necromass‐driven pathways for soil carbon stabilization","Mengfei Cong and Zhihao Zhang and Yang Hu and Akash Tariq and Corina Graciano and Jordi Sardans and Weiqi Wang and Yanju Gao and Xinping Dong and Guangxing Zhao and Jingming Yan and Josep Peñuelas and Fanjiang Zeng","New Phytologist","2025"
"189","10.1111/geb.13776","Microbial traits dictate soil necromass accumulation coefficient: A global synthesis","Bingbing Han and Yanzhong Yao and Yini Wang and Xiaoxuan Su and Lihua Ma and Xinping Chen and Zhaolei Li","Global Ecology and Biogeography","2023"
"190","10.1111/gcb.70906","Microbial Community Traits and Necromass Dynamics Shape Soil Carbon Accumulation","Wankun Pan and Sheng Tang and Wolfgang Wanek and Zhongkui Luo and Ji Chen and Yuanhe Yang and Tida Ge and Karina A. Marsden and Guopeng Liang and David R. Chadwick and Xinping Chen and Andrew S. Gregory and Lianghuan Wu and Yongchao Liang and Davey L. Jones and Qingxu Ma","Global Change Biology","2026"
"191","10.1111/gcb.70762","Fertilization and Aridity Legacies Determine Soil Microbial Necromass Persistence Across Climates","Li‐Xin Xu and Guang‐Hui Yu and Cong‐Qiang Liu and Georg Guggenberger","Global Change Biology","2026"
"192","10.1111/gcb.70292","Unfolding the Potential of Soil Microbial Community Diversity for Accumulation of Necromass Carbon at Large Scale","Yang Yang and Anna Gunina and Ji Chen and Baorong Wang and Huan Cheng and Yunqiang Wang and Chao Liang and Shaoshan An and Scott X. Chang","Global Change Biology","2025"
"193","10.1111/gcb.17379","Long‐term soil warming decreases soil microbial necromass carbon by adversely affecting its production and decomposition","Xiaofei Liu and Ye Tian and Jakob Heinzle and Erika Salas and Steve Kwatcho‐Kengdo and Werner Borken and Andreas Schindlbacher and Wolfgang Wanek","Global Change Biology","2024"
"194","10.1111/ejss.13555","Factors driving microbial biomass and necromass relationships display ecosystem‐dependent responses","Kaikai Min and Laurel Lynch and Tiantian Zheng and Fusheng Chen and Chao Liang","European Journal of Soil Science","2024"
"195","10.1111/1365-2745.14448","Rhizosphere as a hotspot for microbial necromass deposition into the soil carbon pool","Qitong Wang and Junxiang Ding and Ziliang Zhang and Chao Liang and Hans Lambers and Biao Zhu and Dungang Wang and Jipeng Wang and Peipei Zhang and Na Li and Huajun Yin","Journal of Ecology","2024"
"196","10.1111/1365-2664.70015","Microbial necromass carbon drives soil organic carbon accumulation during long‐term vegetation succession","Ziwen Zhao and Yanli Qin and Yang Wu and Wenjing Chen and Hao Wang and Jiawen Chen and Jinqiu Yang and Guobin Liu and Sha Xue","Journal of Applied Ecology","2025"
"197","10.1016/j.still.2026.107199","Microbial carbon use efficiency and necromass turnover drive persistent carbon formation in paddy soils under straw-returned complex rotation","Yinhang Xia and Jun Chen and Donghai Jiang and Jiao Lin and Yan Xiao and Yongxue Yan and Tingsen Mou and Yeqin Shu and Nader Saad Elsayed and Yumei Chen and Georg Guggenberger and Zhenhua Zhang","Soil and Tillage Research","2026"
"198","10.1016/j.soilbio.2026.110202","Plant, mycorrhizal and saprotrophic fungal contributions to soil organic matter fractions differ between tree-mycorrhizal types","Veronica Vasilica and Claudia Guidi and Khatab Abdalla and Valentin B. Kurbel and Andreas J. Wild and Eva Lehndorff and Richard P. Phillips and Johanna Pausch","Soil Biology and Biochemistry","2026"
"199","10.1016/j.soilbio.2025.109917","Nitrogen fertilisation of boreal forest soil increases soil carbon pool through elevated microbial necromass formation but also modifies tree secondary metabolism","Bartosz Adamczyk and Sylwia Adamczyk and Boris Tupek and Qian Li and Tijana Martinovic and Etienne Richy and Aleksi Lehtonen and Petr Baldrian and Raisa Mäkipää","Soil Biology and Biochemistry","2025"
"200","10.1016/j.soilbio.2024.109649","Contributions of microbial necromass and plant lignin to soil organic carbon stock in a paddy field under simulated conditions of long-term elevated CO2 and warming","Yuan Liu and Weijie Li and Hongfan Meng and Qinyu Xu and Liqiang Sun and Long Zhang and Qingsong Ba and Xiaoyu Liu and Cheng Liu and Li Jiang","Soil Biology and Biochemistry","2025"
"201","10.1016/j.soilbio.2024.109449","Disentangling the effects of mineral fertiliser N, P and K on microbial biomass, necromass and ionome in soil from the Askov long-term field experiment","Sanja A. Schwalb and Michael Hemkemeyer and Bent T. Christensen and Stefanie Heinze and Rebeca Leme Oliva and Rainer Georg Joergensen and Florian Wichern","Soil Biology and Biochemistry","2024"
"202","10.1016/j.soilbio.2024.109438","Latitudinal patterns and drivers of plant lignin and microbial necromass accumulation in forest soils: Disentangling microbial and abiotic controls","Jinhong He and Yanxia Nie and Xiangping Tan and Ang Hu and Zhiqi Li and Seping Dai and Qing Ye and Gengxin Zhang and Weijun Shen","Soil Biology and Biochemistry","2024"
"203","10.1016/j.soilbio.2024.109399","Toward soil carbon storage: The influence of parent material and vegetation on profile-scale microbial community structure and necromass accumulation","Yu-Zhu Li and Xue-Lian Bao and Shi-Xin Tang and Ke-Qing Xiao and Cheng-Jun Ge and Hong-Tu Xie and Hong-Bo He and Carsten W. Mueller and Chao Liang","Soil Biology and Biochemistry","2024"
"204","10.1016/j.soilbio.2024.109323","Stabilized microbial necromass in soil is more strongly coupled with microbial diversity than the bioavailability of plant inputs","Gerrit Angst and Šárka Angst and Jan Frouz and Stanislav Jabinski and Veronika Jílková and Jaroslav Kukla and Mengmeng Li and Travis B. Meador and Roey Angel","Soil Biology and Biochemistry","2024"
"205","10.1016/j.scitotenv.2024.172786","Salinity decreases the contribution of microbial necromass to soil organic carbon pool in arid regions","Bin Jia and Han Mao and Yanmei Liang and Jie Chen and Li Jia and Meilan Zhang and Xiao Gang Li","Science of The Total Environment","2024"
"206","10.1016/j.scitotenv.2024.170986","Spatial variation and controls of soil microbial necromass carbon in a tropical montane rainforest","Zhangqi Ding and Zhijian Mou and Yanpeng Li and Chao Liang and Zicai Xie and Jun Wang and Dafeng Hui and Hans Lambers and Jordi Sardans and Josep Peñuelas and Han Xu and Zhanfeng Liu","Science of The Total Environment","2024"
"207","10.1016/j.jenvman.2025.125589","Changes in long-term land use alter deep soil microbial necromass and organic carbon stabilization","Yuxin Yan and Jia Shi and Zhongmin Fan and Yumei Peng and Xiang Wang","Journal of Environmental Management","2025"
"208","10.1016/j.geoderma.2025.117336","Ecosystem-level warming reduces microbial necromass in the topsoil but not in deeper soil of a subtropical forest","Xujun Liu and Peter B. Reich and Chao Liang and Meijuan Xiao and Gangsheng Wang and Guoyi Zhou and Kristiina Karhu and Zhiyang Lie and Ting Wu and Shuyidan Zhou and Zuzheng Li and Junhua Yan and Xuli Tang and Guowei Chu and Shizhong Liu and Ze Meng and PingPing Xu and Qianmei Zhang and Zhanfeng Liu and Juxiu Liu","Geoderma","2025"
"209","10.1016/j.ecolind.2022.109488","Alder expansion increases soil microbial necromass carbon in a permafrost peatland of Northeast China","Guang-Jiao Chen and Fu-Xi Shi and Qin Ying and Rong Mao","Ecological Indicators","2022"
"210","10.1016/j.catena.2026.110247","Stabilization mechanisms and contributions of mineral-associated microbial necromass to soil organic carbon in coastal wetlands","Jine Wei and Biao Zhu and Changwei Lü and Fenfen Zhang and Yanling Zheng and Xiaofei Li and Hongpo Dong and Xia Liang and Guoyu Yin and Min Liu and Lijun Hou","CATENA","2026"
"211","10.1016/j.catena.2025.109493","Waterlogging increases microbial necromass carbon and particulate organic carbon in alpine meadow soils","Xiaoming Mou and Yuqiang Li and Xuyang Wang and Han Mao and Bin Jia and Fencan Li and Jie Chen and Yun Chen and Yingwen Yu and Yakov Kuzyakov","CATENA","2025"
"212","10.1016/j.catena.2023.107761","Effect of land use conversion on the soil aggregate-associated microbial necromass carbon in estuarine wetland of the Pearl River in China","Chun Liu and Zhinan Wu and Chunhuan He and Bin Huang and Yuheng Zhang and Ping Li and Weijia Huang","CATENA","2024"
"213","10.1016/j.catena.2021.105707","Climatic and edaphic controls over the elevational pattern of microbial necromass in subtropical forests","Zhijian Mou and Luhui Kuang and Lingfeng He and Jing Zhang and Xinyu Zhang and Dafeng Hui and Yue Li and Wenjia Wu and Qiming Mei and Xianjin He and Yuanwen Kuang and Jun Wang and Yunqiang Wang and Hans Lambers and Jordi Sardans and Josep Peñuelas and Zhanfeng Liu","CATENA","2021"
"214","10.1016/j.apsoil.2026.107177","Fungal necromass carbon mediates soil organic carbon under film mulch regimes in a potato cropping system","Mei Zhang and Furong Du and Ke Li and Mingming Zhao and Xinyan Hu and Xiaoguang Chen","Applied Soil Ecology","2026"
"215","10.1016/j.apsoil.2025.106376","The importance of fungal necromass in soil organic carbon: Insights from elevation gradients in arid regions","Mengfei Cong and Zhihao Zhang and Guangxing Zhao and Xinping Dong and Yan Lu and Lei Li and Yang Hu and Weiqi Wang and Zhaobin Mu and Akash Tariq and Jordi Sardans and Josep Peñuelas and Fanjiang Zeng","Applied Soil Ecology","2025"
"216","10.1016/j.apsoil.2025.106097","Effects of microplastics on soil microbial necromass carbon and plant residual carbon","Ke Yang and Yan Ma and Hong Yu and Bowen Lv and Wenbing Tan","Applied Soil Ecology","2025"
"217","10.1016/j.apsoil.2024.105320","Forest management alters soil microbial necromass and its contribution to soil organic carbon in Moso bamboo plantations in subtropical China","Xiaoping Zhang and Zhiyuan Huang and Zheke Zhong and Qiaoling Li and Fangyuan Bian","Applied Soil Ecology","2024"
"218","10.1016/j.apsoil.2023.105190","Effects of tillage practices on soil organic carbon, microbial community and necromass in a double rice cropping system","Jian-Ying Qi and Xiang-Bin Yao and Xue-Chan Zhang and Mei-Yi Fan and Jian-Fu Xue and Jun-Li Cao and Ahmad Latif Virk and Sheng-Gang Pan and Xiang-Ru Tang","Applied Soil Ecology","2024"
"219","10.1016/j.apsoil.2023.105137","Organic fertilizers incorporation increased microbial necromass accumulation more than mineral fertilization in paddy soil via altering microbial traits","Zhe Li and Xiaomeng Wei and Zhenke Zhu and Yunying Fang and Hongzhao Yuan and Yuhong Li and Qihong Zhu and Xiaobin Guo and Jinshui Wu and Yakov Kuzyakov and Tida Ge","Applied Soil Ecology","2024"
"220","10.1007/s11104-026-08676-4","Divergent pathways of fungal and bacterial necromass stabilization across a developing aggregate hierarchy drive soil carbon sequestration after severe disturbance","Ye Yuan and Jiayu Zhao and Yuan Yuan and Qian Li and Shuang Wang and Mengyi Li","Plant and Soil","2026"
"221","10.1007/s11104-026-08377-y","Soil Erosion and Deposition Regulate Microbial Necromass Carbon Contributions to Soil Organic Carbon and Its Stability","Wentao Qiu and Lie Xiao and Zhanbin Li and Xuxu Min and Peng Li and Jianye Ma and Xiao Yang and Shu Yu and Tong Chou","Plant and Soil","2026"
"222","10.1007/s00374-024-01834-9","Aridity-driven divergence in soil microbial necromass carbon in alpine grasslands of the Tibetan Plateau","Yunfei Zhao and Xia Wang and Yazhen Li and Menghan Yuan and Jia Li and Huawei Zhu and Zhuoyun Cheng and Wenhui Duan and Junwu Wang","Biology and Fertility of Soils","2024"
"223","10.1007/s00374-022-01684-3","Linking soil aggregation to organic matter chemistry in a Calcic Cambisol: evidence from a 33-year field experiment","Xiaolei Huang and Zhixin Jia and Jinsong Wang and Xiaoyan Jiao and Xuefang Huang and Juanling Wang","Biology and Fertility of Soils","2022"
"224","10.1007/s00027-024-01098-3","Contribution and control of microbial necromass carbon in wetland soils","Shanshan Liao and Xiaodong Nie and Wenfei Liao and Yi Liu and Aoqi Zeng and Zhongwu Li","Aquatic Sciences","2024"
"225","10.1002/ldr.70586","Organic–Inorganic Fertilization Enhances Soil Carbon but Weakens Its Stability via Reduced Microbial Necromass in Reclaimed Mining Land","Zhengming Luo and Jianhua Li and Jinfeng Wang and Man Chen and Bianhua Zhang and Xinhua He and Minggang Xu and Puwang Li","Land Degradation &amp; Development","2026"
"226","10.1002/ldr.70495","Bio‐Organic Substitutions Reinforce Soil Quality Driven by Fungal Necromass and Soil Structure in a Light Saline Soil","Xiaoying Jin and Wanling Ji and Mingzhen Xing and Xiao Wang and Xiuyan Wang and Shuo Lv and Zhangliu Du","Land Degradation &amp; Development","2026"
"227","10.1002/ldr.70255","Agroforestry‐Based Soil Health: Impact of Tillage and Mulching on Soil Properties, Microbial Communities, and Microbial Necromass in Calcareous Soils","Sidra Fatima and Zhang Ying","Land Degradation &amp; Development","2025"
"228","10.1002/eap.70225","Necromass carbon but not microbes constrain soil carbon release in restoration of degraded alpine grassland","Qijing Sun and Xiang Wang and Yangxue Wen and Qiaoyu Luo and Wenjin Li and Huichun Xie and Jianxiao Zhu and Qiang Wang","Ecological Applications","2026"
